epoch,auc
0,0.6964285714285714
0,0.7678571428571428
0,0.49999999999999994
0,0.5357142857142857
