step,auc
5000,0.5507201997595277
10000,0.5600227251601708
15000,0.57002354397711
20000,0.5635149267628571
25000,0.5769530127281625
30000,0.5770236627862728
35000,0.5797628703814942
40000,0.5822748188341154
